[
  {
    "recipe_id": "6912e4db6751",
    "title": "Pork Chili Verde (Green Pork Chili)",
    "url": "https://www.allrecipes.com/recipe/245359/pork-chili-verde-green-pork-chili/",
    "servings": 8,
    "total_kcal": 0.0,
    "per_serving_kcal": 0.0,
    "total_cost_usd": 16.001654943154637,
    "per_serving_cost_usd": 2.0002068678943297,
    "breakdown": [
      {
        "name": "vegetable oil",
        "quantity_g": 27.25,
        "kcal_per_100g": 0.0,
        "kcal": 0.0,
        "price_per_g": 0.00405768678039461,
        "cost_usd": 0.11057196476575311,
        "quantity_display": "27.25 g",
        "unit_price": 0.00405768678039461,
        "unit_price_unit": "g",
        "notes": ""
      },
      {
        "name": "boneless pork shoulder",
        "quantity_g": 907.18,
        "kcal_per_100g": 0.0,
        "kcal": 0.0,
        "price_per_g": 0.0087977482744275,
        "cost_usd": 7.981141279595138,
        "quantity_display": "907.18 g",
        "unit_price": 0.0087977482744275,
        "unit_price_unit": "g",
        "notes": ""
      },
      {
        "name": "yellow onion",
        "quantity_g": 0.0,
        "kcal_per_100g": 0.0,
        "kcal": 0.0,
        "price_per_g": 0.0,
        "cost_usd": 0.48,
        "quantity_display": "1 each",
        "unit_price": 0.48,
        "unit_price_unit": "each",
        "notes": ""
      },
      {
        "name": "kosher salt",
        "quantity_g": 10.0,
        "kcal_per_100g": 0.0,
        "kcal": 0.0,
        "price_per_g": 0.005379283585248417,
        "cost_usd": 0.05379283585248417,
        "quantity_display": "10.00 g",
        "unit_price": 0.005379283585248417,
        "unit_price_unit": "g",
        "notes": ""
      },
      {
        "name": "dried oregano",
        "quantity_g": 10.0,
        "kcal_per_100g": 0.0,
        "kcal": 0.0,
        "price_per_g": 0.0275467821301963,
        "cost_usd": 0.275467821301963,
        "quantity_display": "10.00 g",
        "unit_price": 0.0275467821301963,
        "unit_price_unit": "g",
        "notes": ""
      },
      {
        "name": "cumin",
        "quantity_g": 10.0,
        "kcal_per_100g": 0.0,
        "kcal": 0.0,
        "price_per_g": 0.0583196646619282,
        "cost_usd": 0.5831966466192819,
        "quantity_display": "10.00 g",
        "unit_price": 0.0583196646619282,
        "unit_price_unit": "g",
        "notes": ""
      },
      {
        "name": "coriander",
        "quantity_g": 2.5,
        "kcal_per_100g": 0.0,
        "kcal": 0.0,
        "price_per_g": 0.011014303603238152,
        "cost_usd": 0.02753575900809538,
        "quantity_display": "2.50 g",
        "unit_price": 0.011014303603238152,
        "unit_price_unit": "g",
        "notes": ""
      },
      {
        "name": "cayenne pepper",
        "quantity_g": 1.25,
        "kcal_per_100g": 0.0,
        "kcal": 0.0,
        "price_per_g": 0.0,
        "cost_usd": 0.0,
        "quantity_display": "1.25 g",
        "unit_price": 0.0,
        "unit_price_unit": "g",
        "notes": ""
      },
      {
        "name": "tomatillos",
        "quantity_g": 0.0,
        "kcal_per_100g": 0.0,
        "kcal": 0.0,
        "price_per_g": 0.0,
        "cost_usd": 0.0,
        "quantity_display": "10 each",
        "unit_price": 0.0,
        "unit_price_unit": "g",
        "notes": "cannot bridge g->each"
      },
      {
        "name": "jalapeño chile peppers",
        "quantity_g": 0.0,
        "kcal_per_100g": 0.0,
        "kcal": 0.0,
        "price_per_g": 0.0,
        "cost_usd": 0.0,
        "quantity_display": "3 each",
        "unit_price": 0.0,
        "unit_price_unit": "g",
        "notes": "cannot bridge g->each"
      },
      {
        "name": "poblano chile pepper",
        "quantity_g": 0.0,
        "kcal_per_100g": 0.0,
        "kcal": 0.0,
        "price_per_g": 0.005820208469285173,
        "cost_usd": 0.0,
        "quantity_display": "1 each",
        "unit_price": 0.005820208469285173,
        "unit_price_unit": "g",
        "notes": "cannot bridge g->each"
      },
      {
        "name": "garlic",
        "quantity_g": 0.0,
        "kcal_per_100g": 0.0,
        "kcal": 0.0,
        "price_per_g": 0.0,
        "cost_usd": 0.0,
        "quantity_display": "6 each",
        "unit_price": 0.0,
        "unit_price_unit": "g",
        "notes": "cannot bridge g->each"
      },
      {
        "name": "packed cilantro leaves",
        "quantity_g": 120.0,
        "kcal_per_100g": 0.0,
        "kcal": 0.0,
        "price_per_g": 0.0,
        "cost_usd": 0.0,
        "quantity_display": "120.00 g",
        "unit_price": 0.0,
        "unit_price_unit": "g",
        "notes": ""
      },
      {
        "name": "chicken stock",
        "quantity_g": 600.0,
        "kcal_per_100g": 0.0,
        "kcal": 0.0,
        "price_per_g": 0.0032848903860738287,
        "cost_usd": 1.9709342316442973,
        "quantity_display": "600.00 g",
        "unit_price": 0.0032848903860738287,
        "unit_price_unit": "g",
        "notes": ""
      },
      {
        "name": "yukon gold potatoes",
        "quantity_g": 680.39,
        "kcal_per_100g": 0.0,
        "kcal": 0.0,
        "price_per_g": 0.0020547099596112807,
        "cost_usd": 1.3980041094199191,
        "quantity_display": "680.39 g",
        "unit_price": 0.0020547099596112807,
        "unit_price_unit": "g",
        "notes": ""
      },
      {
        "name": "freshly black pepper",
        "quantity_g": 0.0,
        "kcal_per_100g": 0.0,
        "kcal": 0.0,
        "price_per_g": 0.02407498055352602,
        "cost_usd": 0.0,
        "quantity_display": "0 g",
        "unit_price": 0.02407498055352602,
        "unit_price_unit": "g",
        "notes": ""
      },
      {
        "name": "sour cream",
        "quantity_g": 60.0,
        "kcal_per_100g": 0.0,
        "kcal": 0.0,
        "price_per_g": 0.005776115980881498,
        "cost_usd": 0.34656695885288985,
        "quantity_display": "60.00 g",
        "unit_price": 0.005776115980881498,
        "unit_price_unit": "g",
        "notes": ""
      },
      {
        "name": "pickled red onions",
        "quantity_g": 240.0,
        "kcal_per_100g": 0.0,
        "kcal": 0.0,
        "price_per_g": 0.011560180567061727,
        "cost_usd": 2.7744433360948144,
        "quantity_display": "240.00 g",
        "unit_price": 0.011560180567061727,
        "unit_price_unit": "g",
        "notes": ""
      },
      {
        "name": "cilantro",
        "quantity_g": 15.0,
        "kcal_per_100g": 0.0,
        "kcal": 0.0,
        "price_per_g": 0.0,
        "cost_usd": 0.0,
        "quantity_display": "15.00 g",
        "unit_price": 0.0,
        "unit_price_unit": "g",
        "notes": ""
      }
    ]
  },
  {
    "recipe_id": "8d43781002c1",
    "title": "Pork Rub Rubbed and Baked Pork Chops",
    "url": "https://www.allrecipes.com/recipe/241609/pork-rub-rubbed-and-baked-pork-chops/",
    "servings": 6,
    "total_kcal": 0.0,
    "per_serving_kcal": 0.0,
    "total_cost_usd": 3.96603934583989,
    "per_serving_cost_usd": 0.6610065576399816,
    "breakdown": [
      {
        "name": "paprika",
        "quantity_g": 30.0,
        "kcal_per_100g": 0.0,
        "kcal": 0.0,
        "price_per_g": 0.06922520679377062,
        "cost_usd": 2.0767562038131184,
        "quantity_display": "30.00 g",
        "unit_price": 0.06922520679377062,
        "unit_price_unit": "g",
        "notes": ""
      },
      {
        "name": "white sugar",
        "quantity_g": 25.0,
        "kcal_per_100g": 0.0,
        "kcal": 0.0,
        "price_per_g": 0.0037368383922115034,
        "cost_usd": 0.09342095980528758,
        "quantity_display": "25.00 g",
        "unit_price": 0.0037368383922115034,
        "unit_price_unit": "g",
        "notes": ""
      },
      {
        "name": "salt",
        "quantity_g": 15.0,
        "kcal_per_100g": 0.0,
        "kcal": 0.0,
        "price_per_g": 0.011012098978817969,
        "cost_usd": 0.16518148468226954,
        "quantity_display": "15.00 g",
        "unit_price": 0.011012098978817969,
        "unit_price_unit": "g",
        "notes": ""
      },
      {
        "name": "black pepper",
        "quantity_g": 15.0,
        "kcal_per_100g": 0.0,
        "kcal": 0.0,
        "price_per_g": 0.04185846899122266,
        "cost_usd": 0.6278770348683399,
        "quantity_display": "15.00 g",
        "unit_price": 0.04185846899122266,
        "unit_price_unit": "g",
        "notes": ""
      },
      {
        "name": "garlic powder",
        "quantity_g": 15.0,
        "kcal_per_100g": 0.0,
        "kcal": 0.0,
        "price_per_g": 0.03685679799896981,
        "cost_usd": 0.5528519699845472,
        "quantity_display": "15.00 g",
        "unit_price": 0.03685679799896981,
        "unit_price_unit": "g",
        "notes": ""
      },
      {
        "name": "onion powder",
        "quantity_g": 15.0,
        "kcal_per_100g": 0.0,
        "kcal": 0.0,
        "price_per_g": 0.029996779512421794,
        "cost_usd": 0.4499516926863269,
        "quantity_display": "15.00 g",
        "unit_price": 0.029996779512421794,
        "unit_price_unit": "g",
        "notes": ""
      },
      {
        "name": "cayenne pepper",
        "quantity_g": 10.0,
        "kcal_per_100g": 0.0,
        "kcal": 0.0,
        "price_per_g": 0.0,
        "cost_usd": 0.0,
        "quantity_display": "10.00 g",
        "unit_price": 0.0,
        "unit_price_unit": "g",
        "notes": ""
      },
      {
        "name": "pork chops",
        "quantity_g": 0.0,
        "kcal_per_100g": 0.0,
        "kcal": 0.0,
        "price_per_g": 0.02438944501414739,
        "cost_usd": 0.0,
        "quantity_display": "6 each",
        "unit_price": 0.02438944501414739,
        "unit_price_unit": "g",
        "notes": "cannot bridge g->each"
      }
    ]
  },
  {
    "recipe_id": "05c2a88a34f4",
    "title": "Slow Cooker Texas Pulled Pork",
    "url": "https://www.allrecipes.com/recipe/92462/slow-cooker-texas-pulled-pork/",
    "servings": 8,
    "total_kcal": 0.0,
    "per_serving_kcal": 0.0,
    "total_cost_usd": 53.32714107553601,
    "per_serving_cost_usd": 6.6658926344420015,
    "breakdown": [
      {
        "name": "vegetable oil",
        "quantity_g": 4.54,
        "kcal_per_100g": 0.0,
        "kcal": 0.0,
        "price_per_g": 0.00405768678039461,
        "cost_usd": 0.018421897982991528,
        "quantity_display": "4.54 g",
        "unit_price": 0.00405768678039461,
        "unit_price_unit": "g",
        "notes": ""
      },
      {
        "name": "pork shoulder roast",
        "quantity_g": 1814.37,
        "kcal_per_100g": 0.0,
        "kcal": 0.0,
        "price_per_g": 0.004210643248247846,
        "cost_usd": 7.639664790323444,
        "quantity_display": "1814.37 g",
        "unit_price": 0.004210643248247846,
        "unit_price_unit": "g",
        "notes": ""
      },
      {
        "name": "barbeque sauce",
        "quantity_g": 240.0,
        "kcal_per_100g": 0.0,
        "kcal": 0.0,
        "price_per_g": 0.016516527420859173,
        "cost_usd": 3.9639665810062015,
        "quantity_display": "240.00 g",
        "unit_price": 0.016516527420859173,
        "unit_price_unit": "g",
        "notes": ""
      },
      {
        "name": "apple cider vinegar",
        "quantity_g": 120.0,
        "kcal_per_100g": 0.0,
        "kcal": 0.0,
        "price_per_g": 0.0,
        "cost_usd": 0.0,
        "quantity_display": "120.00 g",
        "unit_price": 0.0,
        "unit_price_unit": "g",
        "notes": ""
      },
      {
        "name": "chicken broth",
        "quantity_g": 120.0,
        "kcal_per_100g": 0.0,
        "kcal": 0.0,
        "price_per_g": 0.004872219968606148,
        "cost_usd": 0.5846663962327378,
        "quantity_display": "120.00 g",
        "unit_price": 0.004872219968606148,
        "unit_price_unit": "g",
        "notes": ""
      },
      {
        "name": "light brown sugar",
        "quantity_g": 55.0,
        "kcal_per_100g": 0.0,
        "kcal": 0.0,
        "price_per_g": 0.0062023433687836945,
        "cost_usd": 0.3411288852831032,
        "quantity_display": "55.00 g",
        "unit_price": 0.0062023433687836945,
        "unit_price_unit": "g",
        "notes": ""
      },
      {
        "name": "yellow mustard",
        "quantity_g": 15.0,
        "kcal_per_100g": 0.0,
        "kcal": 0.0,
        "price_per_g": 0.009568069983597594,
        "cost_usd": 0.1435210497539639,
        "quantity_display": "15.00 g",
        "unit_price": 0.009568069983597594,
        "unit_price_unit": "g",
        "notes": ""
      },
      {
        "name": "worcestershire sauce",
        "quantity_g": 15.0,
        "kcal_per_100g": 0.0,
        "kcal": 0.0,
        "price_per_g": 0.03151470066106481,
        "cost_usd": 0.4727205099159721,
        "quantity_display": "15.00 g",
        "unit_price": 0.03151470066106481,
        "unit_price_unit": "g",
        "notes": ""
      },
      {
        "name": "chili powder",
        "quantity_g": 15.0,
        "kcal_per_100g": 0.0,
        "kcal": 0.0,
        "price_per_g": 0.021536731002506415,
        "cost_usd": 0.3230509650375962,
        "quantity_display": "15.00 g",
        "unit_price": 0.021536731002506415,
        "unit_price_unit": "g",
        "notes": ""
      },
      {
        "name": "onion",
        "quantity_g": 0.0,
        "kcal_per_100g": 0.0,
        "kcal": 0.0,
        "price_per_g": 0.08266940734885497,
        "cost_usd": 0.0,
        "quantity_display": "1 each",
        "unit_price": 0.08266940734885497,
        "unit_price_unit": "g",
        "notes": "cannot bridge g->each"
      },
      {
        "name": "garlic",
        "quantity_g": 0.0,
        "kcal_per_100g": 0.0,
        "kcal": 0.0,
        "price_per_g": 0.0,
        "cost_usd": 0.0,
        "quantity_display": "2 each",
        "unit_price": 0.0,
        "unit_price_unit": "g",
        "notes": "cannot bridge g->each"
      },
      {
        "name": "dried thyme",
        "quantity_g": 7.5,
        "kcal_per_100g": 0.0,
        "kcal": 0.0,
        "price_per_g": 0.0,
        "cost_usd": 0.0,
        "quantity_display": "7.50 g",
        "unit_price": 0.0,
        "unit_price_unit": "g",
        "notes": ""
      },
      {
        "name": "hamburger buns",
        "quantity_g": 0.0,
        "kcal_per_100g": 0.0,
        "kcal": 0.0,
        "price_per_g": 0.0,
        "cost_usd": 39.84,
        "quantity_display": "8 each",
        "unit_price": 4.98,
        "unit_price_unit": "each",
        "notes": ""
      },
      {
        "name": "butter",
        "quantity_g": 30.0,
        "kcal_per_100g": 0.0,
        "kcal": 0.0,
        "price_per_g": 0.0,
        "cost_usd": 0.0,
        "quantity_display": "30.00 g",
        "unit_price": 0.0,
        "unit_price_unit": "g",
        "notes": ""
      }
    ]
  },
  {
    "recipe_id": "4c764581bb2b",
    "title": "Bob's Smoked Pulled Pork",
    "url": "https://www.allrecipes.com/recipe/236104/bobs-pulled-pork-on-a-smoker/",
    "servings": 20,
    "total_kcal": 0.0,
    "per_serving_kcal": 0.0,
    "total_cost_usd": 19.54135616910832,
    "per_serving_cost_usd": 0.977067808455416,
    "breakdown": [
      {
        "name": "pork shoulder roast",
        "quantity_g": 3628.74,
        "kcal_per_100g": 0.0,
        "kcal": 0.0,
        "price_per_g": 0.004210643248247846,
        "cost_usd": 15.279329580646888,
        "quantity_display": "3628.74 g",
        "unit_price": 0.004210643248247846,
        "unit_price_unit": "g",
        "notes": ""
      },
      {
        "name": "quart apple cider",
        "quantity_g": 0.0,
        "kcal_per_100g": 0.0,
        "kcal": 0.0,
        "price_per_g": 0.0023881177405447444,
        "cost_usd": 0.0,
        "quantity_display": "1 each",
        "unit_price": 0.0023881177405447444,
        "unit_price_unit": "g",
        "notes": "cannot bridge g->each"
      },
      {
        "name": "white sugar",
        "quantity_g": 62.5,
        "kcal_per_100g": 0.0,
        "kcal": 0.0,
        "price_per_g": 0.0037368383922115034,
        "cost_usd": 0.23355239951321896,
        "quantity_display": "62.50 g",
        "unit_price": 0.0037368383922115034,
        "unit_price_unit": "g",
        "notes": ""
      },
      {
        "name": "light brown sugar",
        "quantity_g": 68.75,
        "kcal_per_100g": 0.0,
        "kcal": 0.0,
        "price_per_g": 0.0062023433687836945,
        "cost_usd": 0.426411106603879,
        "quantity_display": "68.75 g",
        "unit_price": 0.0062023433687836945,
        "unit_price_unit": "g",
        "notes": ""
      },
      {
        "name": "kosher salt",
        "quantity_g": 30.0,
        "kcal_per_100g": 0.0,
        "kcal": 0.0,
        "price_per_g": 0.005379283585248417,
        "cost_usd": 0.1613785075574525,
        "quantity_display": "30.00 g",
        "unit_price": 0.005379283585248417,
        "unit_price_unit": "g",
        "notes": ""
      },
      {
        "name": "paprika",
        "quantity_g": 30.0,
        "kcal_per_100g": 0.0,
        "kcal": 0.0,
        "price_per_g": 0.06922520679377062,
        "cost_usd": 2.0767562038131184,
        "quantity_display": "30.00 g",
        "unit_price": 0.06922520679377062,
        "unit_price_unit": "g",
        "notes": ""
      },
      {
        "name": "onion powder",
        "quantity_g": 15.0,
        "kcal_per_100g": 0.0,
        "kcal": 0.0,
        "price_per_g": 0.029996779512421794,
        "cost_usd": 0.4499516926863269,
        "quantity_display": "15.00 g",
        "unit_price": 0.029996779512421794,
        "unit_price_unit": "g",
        "notes": ""
      },
      {
        "name": "freshly black pepper",
        "quantity_g": 15.0,
        "kcal_per_100g": 0.0,
        "kcal": 0.0,
        "price_per_g": 0.02407498055352602,
        "cost_usd": 0.3611247083028903,
        "quantity_display": "15.00 g",
        "unit_price": 0.02407498055352602,
        "unit_price_unit": "g",
        "notes": ""
      },
      {
        "name": "garlic powder",
        "quantity_g": 15.0,
        "kcal_per_100g": 0.0,
        "kcal": 0.0,
        "price_per_g": 0.03685679799896981,
        "cost_usd": 0.5528519699845472,
        "quantity_display": "15.00 g",
        "unit_price": 0.03685679799896981,
        "unit_price_unit": "g",
        "notes": ""
      },
      {
        "name": "hickory chips",
        "quantity_g": 720.0,
        "kcal_per_100g": 0.0,
        "kcal": 0.0,
        "price_per_g": 0.0,
        "cost_usd": 0.0,
        "quantity_display": "720.00 g",
        "unit_price": 11.48,
        "unit_price_unit": "each",
        "notes": "cannot bridge each->g"
      },
      {
        "name": "onion",
        "quantity_g": 0.0,
        "kcal_per_100g": 0.0,
        "kcal": 0.0,
        "price_per_g": 0.08266940734885497,
        "cost_usd": 0.0,
        "quantity_display": "1 each",
        "unit_price": 0.08266940734885497,
        "unit_price_unit": "g",
        "notes": "cannot bridge g->each"
      }
    ]
  },
  {
    "recipe_id": "93267702ce53",
    "title": "Stuffed Pork Chops",
    "url": "https://www.allrecipes.com/recipe/21140/stuffed-pork-chops-i/",
    "servings": 4,
    "total_kcal": 0.0,
    "per_serving_kcal": 0.0,
    "total_cost_usd": 10.829736484261849,
    "per_serving_cost_usd": 2.707434121065462,
    "breakdown": [
      {
        "name": "vegetable oil",
        "quantity_g": 27.25,
        "kcal_per_100g": 0.0,
        "kcal": 0.0,
        "price_per_g": 0.00405768678039461,
        "cost_usd": 0.11057196476575311,
        "quantity_display": "27.25 g",
        "unit_price": 0.00405768678039461,
        "unit_price_unit": "g",
        "notes": ""
      },
      {
        "name": "thick-cut boneless or bone-in pork chops",
        "quantity_g": 0.0,
        "kcal_per_100g": 0.0,
        "kcal": 0.0,
        "price_per_g": 0.00753981551702852,
        "cost_usd": 0.0,
        "quantity_display": "4 each",
        "unit_price": 0.00753981551702852,
        "unit_price_unit": "g",
        "notes": "cannot bridge g->each"
      },
      {
        "name": "day-old french bread cubes",
        "quantity_g": 720.0,
        "kcal_per_100g": 0.0,
        "kcal": 0.0,
        "price_per_g": 0.010979029612515213,
        "cost_usd": 7.9049013210109536,
        "quantity_display": "720.00 g",
        "unit_price": 0.010979029612515213,
        "unit_price_unit": "g",
        "notes": ""
      },
      {
        "name": "butter",
        "quantity_g": 60.0,
        "kcal_per_100g": 0.0,
        "kcal": 0.0,
        "price_per_g": 0.0,
        "cost_usd": 0.0,
        "quantity_display": "60.00 g",
        "unit_price": 0.0,
        "unit_price_unit": "g",
        "notes": ""
      },
      {
        "name": "chicken broth",
        "quantity_g": 60.0,
        "kcal_per_100g": 0.0,
        "kcal": 0.0,
        "price_per_g": 0.004872219968606148,
        "cost_usd": 0.2923331981163689,
        "quantity_display": "60.00 g",
        "unit_price": 0.004872219968606148,
        "unit_price_unit": "g",
        "notes": ""
      },
      {
        "name": "celery",
        "quantity_g": 30.0,
        "kcal_per_100g": 0.0,
        "kcal": 0.0,
        "price_per_g": 0.0,
        "cost_usd": 0.0,
        "quantity_display": "30.00 g",
        "unit_price": 1.86,
        "unit_price_unit": "each",
        "notes": "cannot bridge each->g"
      },
      {
        "name": "onion",
        "quantity_g": 30.0,
        "kcal_per_100g": 0.0,
        "kcal": 0.0,
        "price_per_g": 0.08266940734885497,
        "cost_usd": 2.480082220465649,
        "quantity_display": "30.00 g",
        "unit_price": 0.08266940734885497,
        "unit_price_unit": "g",
        "notes": ""
      },
      {
        "name": "poultry seasoning",
        "quantity_g": 1.25,
        "kcal_per_100g": 0.0,
        "kcal": 0.0,
        "price_per_g": 0.033478223922499835,
        "cost_usd": 0.04184777990312479,
        "quantity_display": "1.25 g",
        "unit_price": 0.033478223922499835,
        "unit_price_unit": "g",
        "notes": ""
      },
      {
        "name": "can condensed cream of mushroom soup",
        "quantity_g": 297.67,
        "kcal_per_100g": 0.0,
        "kcal": 0.0,
        "price_per_g": 0.0,
        "cost_usd": 0.0,
        "quantity_display": "297.67 g",
        "unit_price": 0.0,
        "unit_price_unit": "g",
        "notes": ""
      },
      {
        "name": "water",
        "quantity_g": 80.0,
        "kcal_per_100g": 0.0,
        "kcal": 0.0,
        "price_per_g": 0.0,
        "cost_usd": 0.0,
        "quantity_display": "80.00 g",
        "unit_price": 5.47,
        "unit_price_unit": "each",
        "notes": "cannot bridge each->g"
      }
    ]
  }
]