[
  {
    "recipe_id": "601a332baa13",
    "title": "Chicken Arroz Caldo (Chicken Rice Porridge)",
    "url": "https://www.allrecipes.com/recipe/212940/chicken-arroz-caldo-chicken-rice-porridge/",
    "servings": 5,
    "total_kcal": 3920.7642627846208,
    "per_serving_kcal": 784.1528525569241,
    "total_cost_usd": 25.795869559448096,
    "per_serving_cost_usd": 5.159173911889619,
    "breakdown": [
      {
        "name": "olive oil",
        "quantity_g": 27.25,
        "kcal_per_100g": 884.0,
        "kcal": 240.89,
        "price_per_g": 0.01563402847740276,
        "cost_usd": 0.42602727600922524,
        "quantity_display": "27.25 g",
        "unit_price": 0.01563402847740276,
        "unit_price_unit": "g",
        "notes": ""
      },
      {
        "name": "onion",
        "quantity_g": 0.0,
        "kcal_per_100g": 0.0,
        "kcal": 41.36,
        "price_per_g": 0.0,
        "cost_usd": 2.2785454769925395,
        "quantity_display": "1 each",
        "unit_price": 2.2785454769925395,
        "unit_price_unit": "each",
        "notes": "price unit mismatch: api=g, needed=each"
      },
      {
        "name": "garlic",
        "quantity_g": 0.0,
        "kcal_per_100g": 0.0,
        "kcal": 0.0,
        "price_per_g": 0.03685679799896981,
        "cost_usd": 0.0,
        "quantity_display": "2 each",
        "unit_price": 0.03685679799896981,
        "unit_price_unit": "g",
        "notes": "cannot bridge g->each"
      },
      {
        "name": "ginger",
        "quantity_g": 0.0,
        "kcal_per_100g": 0.0,
        "kcal": 1.6,
        "price_per_g": 0.0,
        "cost_usd": 0.06948976172419266,
        "quantity_display": "1 each",
        "unit_price": 0.06948976172419266,
        "unit_price_unit": "each",
        "notes": "price unit mismatch: api=g, needed=each"
      },
      {
        "name": "chicken wings",
        "quantity_g": 1020.58,
        "kcal_per_100g": 327.51026502426276,
        "kcal": 3342.504262784621,
        "price_per_g": 0.004927743842892259,
        "cost_usd": 5.029156811178981,
        "quantity_display": "1020.58 g",
        "unit_price": 0.004927743842892259,
        "unit_price_unit": "g",
        "notes": ""
      },
      {
        "name": "fish sauce",
        "quantity_g": 15.0,
        "kcal_per_100g": 35.0,
        "kcal": 5.25,
        "price_per_g": 0.02240931555247517,
        "cost_usd": 0.33613973328712754,
        "quantity_display": "15.00 g",
        "unit_price": 0.02240931555247517,
        "unit_price_unit": "g",
        "notes": ""
      },
      {
        "name": "chicken broth",
        "quantity_g": 1260.0,
        "kcal_per_100g": 6.0,
        "kcal": 75.6,
        "price_per_g": 0.004872219968606148,
        "cost_usd": 6.138997160443747,
        "quantity_display": "1260.00 g",
        "unit_price": 0.004872219968606148,
        "unit_price_unit": "g",
        "notes": ""
      },
      {
        "name": "glutinous sweet rice",
        "quantity_g": 185.0,
        "kcal_per_100g": 97.0,
        "kcal": 179.45,
        "price_per_g": 0.007718667037977963,
        "cost_usd": 1.4279534020259232,
        "quantity_display": "185.00 g",
        "unit_price": 0.007718667037977963,
        "unit_price_unit": "g",
        "notes": ""
      },
      {
        "name": "salt and pepper",
        "quantity_g": 0.0,
        "kcal_per_100g": 68.57142857142856,
        "kcal": 0.0,
        "price_per_g": 0.029517275436956564,
        "cost_usd": 0.0,
        "quantity_display": "0 g",
        "unit_price": 0.029517275436956564,
        "unit_price_unit": "g",
        "notes": ""
      },
      {
        "name": "green onion",
        "quantity_g": 0.0,
        "kcal_per_100g": 0.0,
        "kcal": 8.0,
        "price_per_g": 0.0,
        "cost_usd": 1.0075133600239863,
        "quantity_display": "1 each",
        "unit_price": 1.0075133600239863,
        "unit_price_unit": "each",
        "notes": "price unit mismatch: api=g, needed=each"
      },
      {
        "name": "lemon",
        "quantity_g": 0.0,
        "kcal_per_100g": 0.0,
        "kcal": 24.36,
        "price_per_g": 0.0,
        "cost_usd": 8.97,
        "quantity_display": "1 each",
        "unit_price": 8.97,
        "unit_price_unit": "each",
        "notes": ""
      },
      {
        "name": "fish sauce",
        "quantity_g": 5.0,
        "kcal_per_100g": 35.0,
        "kcal": 1.75,
        "price_per_g": 0.02240931555247517,
        "cost_usd": 0.11204657776237584,
        "quantity_display": "5.00 g",
        "unit_price": 0.02240931555247517,
        "unit_price_unit": "g",
        "notes": ""
      }
    ]
  },
  {
    "recipe_id": "54ddf798a956",
    "title": "Chicken Makhani (Indian Butter Chicken)",
    "url": "https://www.allrecipes.com/recipe/45957/chicken-makhani-indian-butter-chicken/",
    "servings": 4,
    "total_kcal": 1101.8780378774413,
    "per_serving_kcal": 275.46950946936033,
    "total_cost_usd": 11.038731479742898,
    "per_serving_cost_usd": 2.7596828699357245,
    "breakdown": [
      {
        "name": "peanut oil",
        "quantity_g": 27.25,
        "kcal_per_100g": 884.0,
        "kcal": 240.89,
        "price_per_g": 0.02056179709224737,
        "cost_usd": 0.5603089707637408,
        "quantity_display": "27.25 g",
        "unit_price": 0.02056179709224737,
        "unit_price_unit": "g",
        "notes": ""
      },
      {
        "name": "shallot",
        "quantity_g": 0.0,
        "kcal_per_100g": 0.0,
        "kcal": 30.62,
        "price_per_g": 0.0,
        "cost_usd": 0.7401000605536842,
        "quantity_display": "1 each",
        "unit_price": 0.7401000605536842,
        "unit_price_unit": "each",
        "notes": "price unit mismatch: api=g, needed=each"
      },
      {
        "name": "white onion",
        "quantity_g": 0.0,
        "kcal_per_100g": 0.0,
        "kcal": 10.34,
        "price_per_g": 0.0,
        "cost_usd": 0.18,
        "quantity_display": "0.25 each",
        "unit_price": 0.72,
        "unit_price_unit": "each",
        "notes": ""
      },
      {
        "name": "butter",
        "quantity_g": 30.0,
        "kcal_per_100g": 716.9718309859155,
        "kcal": 215.09154929577468,
        "price_per_g": 0.01754881038466287,
        "cost_usd": 0.526464311539886,
        "quantity_display": "30.00 g",
        "unit_price": 0.01754881038466287,
        "unit_price_unit": "g",
        "notes": ""
      },
      {
        "name": "ginger garlic paste",
        "quantity_g": 15.0,
        "kcal_per_100g": 318.1676210307131,
        "kcal": 47.72514315460697,
        "price_per_g": 0.01855714285714286,
        "cost_usd": 0.27835714285714286,
        "quantity_display": "15.00 g",
        "unit_price": 0.01855714285714286,
        "unit_price_unit": "g",
        "notes": ""
      },
      {
        "name": "lemon juice",
        "quantity_g": 10.0,
        "kcal_per_100g": 17.0,
        "kcal": 1.6999999999999997,
        "price_per_g": 0.0018230186984381583,
        "cost_usd": 0.018230186984381582,
        "quantity_display": "10.00 g",
        "unit_price": 0.0018230186984381583,
        "unit_price_unit": "g",
        "notes": ""
      },
      {
        "name": "garam masala",
        "quantity_g": 10.0,
        "kcal_per_100g": 315.6462585034013,
        "kcal": 31.564625850340136,
        "price_per_g": 0.14939572541480656,
        "cost_usd": 1.4939572541480657,
        "quantity_display": "10.00 g",
        "unit_price": 0.14939572541480656,
        "unit_price_unit": "g",
        "notes": ""
      },
      {
        "name": "chili powder",
        "quantity_g": 5.0,
        "kcal_per_100g": 281.85185185185185,
        "kcal": 14.092592592592592,
        "price_per_g": 0.021536731002506415,
        "cost_usd": 0.10768365501253208,
        "quantity_display": "5.00 g",
        "unit_price": 0.021536731002506415,
        "unit_price_unit": "g",
        "notes": ""
      },
      {
        "name": "cumin",
        "quantity_g": 5.0,
        "kcal_per_100g": 375.23809523809524,
        "kcal": 18.761904761904763,
        "price_per_g": 0.0583196646619282,
        "cost_usd": 0.29159832330964097,
        "quantity_display": "5.00 g",
        "unit_price": 0.0583196646619282,
        "unit_price_unit": "g",
        "notes": ""
      },
      {
        "name": "tomato puree",
        "quantity_g": 240.0,
        "kcal_per_100g": 38.0,
        "kcal": 91.2,
        "price_per_g": 0.0026273041366052193,
        "cost_usd": 0.6305529927852527,
        "quantity_display": "240.00 g",
        "unit_price": 0.0026273041366052193,
        "unit_price_unit": "g",
        "notes": ""
      },
      {
        "name": "half-and-half",
        "quantity_g": 240.0,
        "kcal_per_100g": 123.0,
        "kcal": 295.2,
        "price_per_g": 0.004938358701211662,
        "cost_usd": 1.1852060882907989,
        "quantity_display": "240.00 g",
        "unit_price": 0.004938358701211662,
        "unit_price_unit": "g",
        "notes": ""
      },
      {
        "name": "plain yogurt",
        "quantity_g": 60.0,
        "kcal_per_100g": 63.0,
        "kcal": 37.8,
        "price_per_g": 0.005489514806257607,
        "cost_usd": 0.3293708883754564,
        "quantity_display": "60.00 g",
        "unit_price": 0.005489514806257607,
        "unit_price_unit": "g",
        "notes": ""
      },
      {
        "name": "pinch salt and black pepper",
        "quantity_g": 0.0,
        "kcal_per_100g": 0.0,
        "kcal": 5.77,
        "price_per_g": 0.0,
        "cost_usd": 0.05371023220332285,
        "quantity_display": "1 each",
        "unit_price": 0.05371023220332285,
        "unit_price_unit": "each",
        "notes": "price unit mismatch: api=g, needed=each"
      },
      {
        "name": "boneless",
        "quantity_g": 453.59,
        "kcal_per_100g": 0.0,
        "kcal": 0.0,
        "price_per_g": 0.00753981551702852,
        "cost_usd": 3.4199849203689663,
        "quantity_display": "453.59 g",
        "unit_price": 0.00753981551702852,
        "unit_price_unit": "g",
        "notes": ""
      },
      {
        "name": "cayenne pepper",
        "quantity_g": 1.25,
        "kcal_per_100g": 317.77777777777777,
        "kcal": 3.972222222222222,
        "price_per_g": 0.0,
        "cost_usd": 0.0,
        "quantity_display": "1.25 g",
        "unit_price": 0.0,
        "unit_price_unit": "g",
        "notes": ""
      },
      {
        "name": "cornstarch",
        "quantity_g": 15.0,
        "kcal_per_100g": 381.0,
        "kcal": 57.15,
        "price_per_g": 0.02568387449514101,
        "cost_usd": 0.38525811742711513,
        "quantity_display": "15.00 g",
        "unit_price": 0.02568387449514101,
        "unit_price_unit": "g",
        "notes": ""
      },
      {
        "name": "water",
        "quantity_g": 60.0,
        "kcal_per_100g": 0.0,
        "kcal": 0.0,
        "price_per_g": 0.013965805585381847,
        "cost_usd": 0.8379483351229108,
        "quantity_display": "60.00 g",
        "unit_price": 0.013965805585381847,
        "unit_price_unit": "g",
        "notes": ""
      }
    ]
  },
  {
    "recipe_id": "aad09171eb6a",
    "title": "Garlic Chicken Fried Chicken",
    "url": "https://www.allrecipes.com/recipe/86047/garlic-chicken-fried-chicken/",
    "servings": 4,
    "total_kcal": 3451.568948106592,
    "per_serving_kcal": 862.892237026648,
    "total_cost_usd": 13.374016242797618,
    "per_serving_cost_usd": 3.3435040606994044,
    "breakdown": [
      {
        "name": "garlic powder",
        "quantity_g": 10.0,
        "kcal_per_100g": 330.96774193548384,
        "kcal": 33.096774193548384,
        "price_per_g": 0.03357812578433753,
        "cost_usd": 0.3357812578433753,
        "quantity_display": "10.00 g",
        "unit_price": 0.03357812578433753,
        "unit_price_unit": "g",
        "notes": ""
      },
      {
        "name": "black pepper",
        "quantity_g": 5.0,
        "kcal_per_100g": 250.8695652173913,
        "kcal": 12.543478260869565,
        "price_per_g": 0.04185846899122266,
        "cost_usd": 0.20929234495611332,
        "quantity_display": "5.00 g",
        "unit_price": 0.04185846899122266,
        "unit_price_unit": "g",
        "notes": ""
      },
      {
        "name": "salt",
        "quantity_g": 5.0,
        "kcal_per_100g": 0.0,
        "kcal": 0.0,
        "price_per_g": 0.0010310858826705668,
        "cost_usd": 0.005155429413352834,
        "quantity_display": "5.00 g",
        "unit_price": 0.0010310858826705668,
        "unit_price_unit": "g",
        "notes": ""
      },
      {
        "name": "paprika",
        "quantity_g": 5.0,
        "kcal_per_100g": 282.1739130434783,
        "kcal": 14.108695652173914,
        "price_per_g": 0.11845093181036791,
        "cost_usd": 0.5922546590518395,
        "quantity_display": "5.00 g",
        "unit_price": 0.11845093181036791,
        "unit_price_unit": "g",
        "notes": ""
      },
      {
        "name": "seasoned bread crumbs",
        "quantity_g": 120.0,
        "kcal_per_100g": 383.0,
        "kcal": 459.6,
        "price_per_g": 0.029065768355702924,
        "cost_usd": 3.487892202684351,
        "quantity_display": "120.00 g",
        "unit_price": 0.029065768355702924,
        "unit_price_unit": "g",
        "notes": ""
      },
      {
        "name": "all-purpose flour",
        "quantity_g": 240.0,
        "kcal_per_100g": 364.0,
        "kcal": 873.6,
        "price_per_g": 0.003668495035185806,
        "cost_usd": 0.8804388084445934,
        "quantity_display": "240.00 g",
        "unit_price": 0.003668495035185806,
        "unit_price_unit": "g",
        "notes": ""
      },
      {
        "name": "milk",
        "quantity_g": 120.0,
        "kcal_per_100g": 50.0,
        "kcal": 60.0,
        "price_per_g": 0.002612666770495758,
        "cost_usd": 0.31352001245949096,
        "quantity_display": "120.00 g",
        "unit_price": 0.002612666770495758,
        "unit_price_unit": "g",
        "notes": ""
      },
      {
        "name": "egg",
        "quantity_g": 0.0,
        "kcal_per_100g": 0.0,
        "kcal": 71.5,
        "price_per_g": 0.0,
        "cost_usd": 6.94,
        "quantity_display": "1 each",
        "unit_price": 6.94,
        "unit_price_unit": "each",
        "notes": ""
      },
      {
        "name": "skinless",
        "quantity_g": 0.0,
        "kcal_per_100g": 0.0,
        "kcal": 0.0,
        "price_per_g": 0.005963509056597118,
        "cost_usd": 0.0,
        "quantity_display": "4 each",
        "unit_price": 0.005963509056597118,
        "unit_price_unit": "g",
        "notes": "cannot bridge g->each"
      },
      {
        "name": "oil",
        "quantity_g": 218.0,
        "kcal_per_100g": 884.0,
        "kcal": 1927.12,
        "price_per_g": 0.0027967042566261462,
        "cost_usd": 0.6096815279444999,
        "quantity_display": "218.00 g",
        "unit_price": 0.0027967042566261462,
        "unit_price_unit": "g",
        "notes": ""
      }
    ]
  },
  {
    "recipe_id": "ecfd2850127e",
    "title": "Chicken Fried Chicken",
    "url": "https://www.allrecipes.com/recipe/16573/chicken-fried-chicken/",
    "servings": 6,
    "total_kcal": 4447.76683716965,
    "per_serving_kcal": 741.2944728616084,
    "total_cost_usd": 31.42557206683343,
    "per_serving_cost_usd": 5.237595344472238,
    "breakdown": [
      {
        "name": "saltine crackers",
        "quantity_g": 0.0,
        "kcal_per_100g": 0.0,
        "kcal": 376.2,
        "price_per_g": 0.0,
        "cost_usd": 2.6746503465669593,
        "quantity_display": "30 each",
        "unit_price": 0.08915501155223197,
        "unit_price_unit": "each",
        "notes": "price unit mismatch: api=g, needed=each"
      },
      {
        "name": "all-purpose flour",
        "quantity_g": 30.0,
        "kcal_per_100g": 364.0,
        "kcal": 109.2,
        "price_per_g": 0.003668495035185806,
        "cost_usd": 0.11005485105557418,
        "quantity_display": "30.00 g",
        "unit_price": 0.003668495035185806,
        "unit_price_unit": "g",
        "notes": ""
      },
      {
        "name": "dry potato flakes",
        "quantity_g": 30.0,
        "kcal_per_100g": 93.0,
        "kcal": 27.9,
        "price_per_g": 0.6593884665808334,
        "cost_usd": 19.781653997425003,
        "quantity_display": "30.00 g",
        "unit_price": 0.6593884665808334,
        "unit_price_unit": "g",
        "notes": ""
      },
      {
        "name": "seasoned salt",
        "quantity_g": 5.0,
        "kcal_per_100g": 51.66666666666667,
        "kcal": 2.5833333333333335,
        "price_per_g": 0.009083052611157164,
        "cost_usd": 0.04541526305578582,
        "quantity_display": "5.00 g",
        "unit_price": 0.009083052611157164,
        "unit_price_unit": "g",
        "notes": ""
      },
      {
        "name": "black pepper",
        "quantity_g": 2.5,
        "kcal_per_100g": 250.8695652173913,
        "kcal": 6.271739130434782,
        "price_per_g": 0.04185846899122266,
        "cost_usd": 0.10464617247805666,
        "quantity_display": "2.50 g",
        "unit_price": 0.04185846899122266,
        "unit_price_unit": "g",
        "notes": ""
      },
      {
        "name": "egg",
        "quantity_g": 0.0,
        "kcal_per_100g": 0.0,
        "kcal": 71.5,
        "price_per_g": 0.0,
        "cost_usd": 6.94,
        "quantity_display": "1 each",
        "unit_price": 6.94,
        "unit_price_unit": "each",
        "notes": ""
      },
      {
        "name": "skinless",
        "quantity_g": 0.0,
        "kcal_per_100g": 0.0,
        "kcal": 0.0,
        "price_per_g": 0.005963509056597118,
        "cost_usd": 0.0,
        "quantity_display": "6 each",
        "unit_price": 0.005963509056597118,
        "unit_price_unit": "g",
        "notes": "cannot bridge g->each"
      },
      {
        "name": "vegetable oil",
        "quantity_g": 436.0,
        "kcal_per_100g": 883.9705882352941,
        "kcal": 3854.1117647058823,
        "price_per_g": 0.00405768678039461,
        "cost_usd": 1.7691514362520497,
        "quantity_display": "436.00 g",
        "unit_price": 0.00405768678039461,
        "unit_price_unit": "g",
        "notes": ""
      }
    ]
  },
  {
    "recipe_id": "6d4f2b01ff4c",
    "title": "Chicken Enchiladas with Cream of Chicken Soup",
    "url": "https://www.allrecipes.com/recipe/22737/chicken-enchiladas-v/",
    "servings": 8,
    "total_kcal": 3749.4275048066174,
    "per_serving_kcal": 468.6784381008272,
    "total_cost_usd": 82.84234297506896,
    "per_serving_cost_usd": 10.35529287188362,
    "breakdown": [
      {
        "name": "can condensed cream of chicken soup",
        "quantity_g": 297.67,
        "kcal_per_100g": 90.0,
        "kcal": 267.903,
        "price_per_g": 0.016108455763476137,
        "cost_usd": 4.795004027113942,
        "quantity_display": "297.67 g",
        "unit_price": 0.016108455763476137,
        "unit_price_unit": "g",
        "notes": ""
      },
      {
        "name": "sour cream",
        "quantity_g": 120.0,
        "kcal_per_100g": 198.00000000000003,
        "kcal": 237.60000000000002,
        "price_per_g": 0.004144693909945501,
        "cost_usd": 0.4973632691934602,
        "quantity_display": "120.00 g",
        "unit_price": 0.004144693909945501,
        "unit_price_unit": "g",
        "notes": ""
      },
      {
        "name": "margarine",
        "quantity_g": 15.0,
        "kcal_per_100g": 716.9718309859155,
        "kcal": 107.54577464788734,
        "price_per_g": 0.029630152207269972,
        "cost_usd": 0.4444522831090496,
        "quantity_display": "15.00 g",
        "unit_price": 0.029630152207269972,
        "unit_price_unit": "g",
        "notes": ""
      },
      {
        "name": "onion",
        "quantity_g": 0.0,
        "kcal_per_100g": 0.0,
        "kcal": 41.36,
        "price_per_g": 0.0,
        "cost_usd": 2.2785454769925395,
        "quantity_display": "1 each",
        "unit_price": 2.2785454769925395,
        "unit_price_unit": "each",
        "notes": "price unit mismatch: api=g, needed=each"
      },
      {
        "name": "chili powder",
        "quantity_g": 5.0,
        "kcal_per_100g": 281.85185185185185,
        "kcal": 14.092592592592592,
        "price_per_g": 0.021536731002506415,
        "cost_usd": 0.10768365501253208,
        "quantity_display": "5.00 g",
        "unit_price": 0.021536731002506415,
        "unit_price_unit": "g",
        "notes": ""
      },
      {
        "name": "cooked chicken breast",
        "quantity_g": 480.0,
        "kcal_per_100g": 165.0,
        "kcal": 792.0,
        "price_per_g": 0.015450007936647912,
        "cost_usd": 7.416003809590998,
        "quantity_display": "480.00 g",
        "unit_price": 0.015450007936647912,
        "unit_price_unit": "g",
        "notes": ""
      },
      {
        "name": "can green chile peppers",
        "quantity_g": 113.4,
        "kcal_per_100g": 40.0,
        "kcal": 45.36000000000001,
        "price_per_g": 0.0014366134403524836,
        "cost_usd": 0.16291196413597164,
        "quantity_display": "113.40 g",
        "unit_price": 0.0014366134403524836,
        "unit_price_unit": "g",
        "notes": ""
      },
      {
        "name": "flour tortillas",
        "quantity_g": 0.0,
        "kcal_per_100g": 0.0,
        "kcal": 1274.0,
        "price_per_g": 0.0,
        "cost_usd": 63.68,
        "quantity_display": "8 each",
        "unit_price": 7.96,
        "unit_price_unit": "each",
        "notes": ""
      },
      {
        "name": "cheddar cheese",
        "quantity_g": 240.0,
        "kcal_per_100g": 403.9858906525574,
        "kcal": 969.5661375661376,
        "price_per_g": 0.014418243708001906,
        "cost_usd": 3.4603784899204575,
        "quantity_display": "240.00 g",
        "unit_price": 0.014418243708001906,
        "unit_price_unit": "g",
        "notes": ""
      }
    ]
  }
]