[
  {
    "recipe_id": "69927a860c56",
    "title": "Unbelievable Fish Batter",
    "url": "https://www.allrecipes.com/recipe/145853/unbelievable-fish-batter/",
    "servings": 6,
    "total_kcal": 1009.5130434782609,
    "per_serving_kcal": 168.2521739130435,
    "total_cost_usd": 6.383634291217213,
    "per_serving_cost_usd": 1.0639390485362021,
    "breakdown": [
      {
        "name": "all-purpose flour",
        "quantity_g": 240.0,
        "kcal_per_100g": 364.0,
        "kcal": 873.6,
        "price_per_g": 0.003668495035185806,
        "cost_usd": 0.8804388084445934,
        "quantity_display": "240.00 g",
        "unit_price": 0.003668495035185806,
        "unit_price_unit": "g",
        "notes": ""
      },
      {
        "name": "milk",
        "quantity_g": 240.0,
        "kcal_per_100g": 50.0,
        "kcal": 120.0,
        "price_per_g": 0.002612666770495758,
        "cost_usd": 0.6270400249189819,
        "quantity_display": "240.00 g",
        "unit_price": 0.002612666770495758,
        "unit_price_unit": "g",
        "notes": ""
      },
      {
        "name": "water",
        "quantity_g": 240.0,
        "kcal_per_100g": 0.0,
        "kcal": 0.0,
        "price_per_g": 0.013965805585381847,
        "cost_usd": 3.351793340491643,
        "quantity_display": "240.00 g",
        "unit_price": 0.013965805585381847,
        "unit_price_unit": "g",
        "notes": ""
      },
      {
        "name": "baking powder",
        "quantity_g": 30.0,
        "kcal_per_100g": 53.04347826086957,
        "kcal": 15.913043478260871,
        "price_per_g": 0.05064022293162137,
        "cost_usd": 1.519206687948641,
        "quantity_display": "30.00 g",
        "unit_price": 0.05064022293162137,
        "unit_price_unit": "g",
        "notes": ""
      },
      {
        "name": "salt",
        "quantity_g": 5.0,
        "kcal_per_100g": 0.0,
        "kcal": 0.0,
        "price_per_g": 0.0010310858826705668,
        "cost_usd": 0.005155429413352834,
        "quantity_display": "5.00 g",
        "unit_price": 0.0010310858826705668,
        "unit_price_unit": "g",
        "notes": ""
      }
    ]
  },
  {
    "recipe_id": "88504c5dfe2e",
    "title": "Fish Tacos",
    "url": "https://www.allrecipes.com/recipe/53729/fish-tacos/",
    "servings": 8,
    "total_kcal": 11513.236877973583,
    "per_serving_kcal": 1439.1546097466978,
    "total_cost_usd": 34.941076553931794,
    "per_serving_cost_usd": 4.367634569241474,
    "breakdown": [
      {
        "name": "all-purpose flour",
        "quantity_g": 240.0,
        "kcal_per_100g": 364.0,
        "kcal": 873.6,
        "price_per_g": 0.003668495035185806,
        "cost_usd": 0.8804388084445934,
        "quantity_display": "240.00 g",
        "unit_price": 0.003668495035185806,
        "unit_price_unit": "g",
        "notes": ""
      },
      {
        "name": "cornstarch",
        "quantity_g": 30.0,
        "kcal_per_100g": 381.0,
        "kcal": 114.3,
        "price_per_g": 0.02568387449514101,
        "cost_usd": 0.7705162348542303,
        "quantity_display": "30.00 g",
        "unit_price": 0.02568387449514101,
        "unit_price_unit": "g",
        "notes": ""
      },
      {
        "name": "baking powder",
        "quantity_g": 5.0,
        "kcal_per_100g": 53.04347826086957,
        "kcal": 2.6521739130434785,
        "price_per_g": 0.05064022293162137,
        "cost_usd": 0.25320111465810685,
        "quantity_display": "5.00 g",
        "unit_price": 0.05064022293162137,
        "unit_price_unit": "g",
        "notes": ""
      },
      {
        "name": "salt",
        "quantity_g": 2.5,
        "kcal_per_100g": 0.0,
        "kcal": 0.0,
        "price_per_g": 0.0010310858826705668,
        "cost_usd": 0.002577714706676417,
        "quantity_display": "2.50 g",
        "unit_price": 0.0010310858826705668,
        "unit_price_unit": "g",
        "notes": ""
      },
      {
        "name": "beer",
        "quantity_g": 240.0,
        "kcal_per_100g": 43.00000000000001,
        "kcal": 103.20000000000002,
        "price_per_g": 0.054299739068197315,
        "cost_usd": 13.031937376367356,
        "quantity_display": "240.00 g",
        "unit_price": 0.054299739068197315,
        "unit_price_unit": "g",
        "notes": ""
      },
      {
        "name": "egg",
        "quantity_g": 0.0,
        "kcal_per_100g": 0.0,
        "kcal": 71.5,
        "price_per_g": 0.0,
        "cost_usd": 6.94,
        "quantity_display": "1 each",
        "unit_price": 6.94,
        "unit_price_unit": "each",
        "notes": ""
      },
      {
        "name": "plain yogurt",
        "quantity_g": 120.0,
        "kcal_per_100g": 63.0,
        "kcal": 75.6,
        "price_per_g": 0.005489514806257607,
        "cost_usd": 0.6587417767509128,
        "quantity_display": "120.00 g",
        "unit_price": 0.005489514806257607,
        "unit_price_unit": "g",
        "notes": ""
      },
      {
        "name": "mayonnaise",
        "quantity_g": 120.0,
        "kcal_per_100g": 680.0,
        "kcal": 816.0,
        "price_per_g": 0.005843724463100466,
        "cost_usd": 0.7012469355720559,
        "quantity_display": "120.00 g",
        "unit_price": 0.005843724463100466,
        "unit_price_unit": "g",
        "notes": ""
      },
      {
        "name": "lime",
        "quantity_g": 0.0,
        "kcal_per_100g": 0.0,
        "kcal": 20.1,
        "price_per_g": 0.0,
        "cost_usd": 0.2,
        "quantity_display": "1 each",
        "unit_price": 0.2,
        "unit_price_unit": "each",
        "notes": ""
      },
      {
        "name": "jalapeño pepper",
        "quantity_g": 0.0,
        "kcal_per_100g": 0.0,
        "kcal": 4.06,
        "price_per_g": 0.0,
        "cost_usd": 0.06982602667929058,
        "quantity_display": "1 each",
        "unit_price": 0.06982602667929058,
        "unit_price_unit": "each",
        "notes": "price unit mismatch: api=g, needed=each"
      },
      {
        "name": "capers",
        "quantity_g": 5.0,
        "kcal_per_100g": 23.02325581395349,
        "kcal": 1.1511627906976745,
        "price_per_g": 0.024853331529916988,
        "cost_usd": 0.12426665764958494,
        "quantity_display": "5.00 g",
        "unit_price": 0.024853331529916988,
        "unit_price_unit": "g",
        "notes": ""
      },
      {
        "name": "cayenne pepper",
        "quantity_g": 5.0,
        "kcal_per_100g": 317.77777777777777,
        "kcal": 15.888888888888888,
        "price_per_g": 0.0,
        "cost_usd": 0.0,
        "quantity_display": "5.00 g",
        "unit_price": 0.0,
        "unit_price_unit": "g",
        "notes": ""
      },
      {
        "name": "dried oregano",
        "quantity_g": 2.5,
        "kcal_per_100g": 265.0,
        "kcal": 6.625,
        "price_per_g": 0.10490000000000001,
        "cost_usd": 0.26225000000000004,
        "quantity_display": "2.50 g",
        "unit_price": 0.10490000000000001,
        "unit_price_unit": "g",
        "notes": ""
      },
      {
        "name": "cumin",
        "quantity_g": 2.5,
        "kcal_per_100g": 375.23809523809524,
        "kcal": 9.380952380952381,
        "price_per_g": 0.0583196646619282,
        "cost_usd": 0.14579916165482049,
        "quantity_display": "2.50 g",
        "unit_price": 0.0583196646619282,
        "unit_price_unit": "g",
        "notes": ""
      },
      {
        "name": "dried dill weed",
        "quantity_g": 2.5,
        "kcal_per_100g": 252.99999999999997,
        "kcal": 6.324999999999999,
        "price_per_g": 0.5281020325377369,
        "cost_usd": 1.3202550813443423,
        "quantity_display": "2.50 g",
        "unit_price": 0.5281020325377369,
        "unit_price_unit": "g",
        "notes": ""
      },
      {
        "name": "quart oil",
        "quantity_g": 0.0,
        "kcal_per_100g": 0.0,
        "kcal": 7920.64,
        "price_per_g": 0.0,
        "cost_usd": 0.0,
        "quantity_display": "1 each",
        "unit_price": 0.0,
        "unit_price_unit": "each",
        "notes": "price unit mismatch: api=g, needed=each"
      },
      {
        "name": "cod fillets",
        "quantity_g": 453.59,
        "kcal_per_100g": 105.0,
        "kcal": 476.2695,
        "price_per_g": 0.017592902873066547,
        "cost_usd": 7.979964814194254,
        "quantity_display": "453.59 g",
        "unit_price": 0.017592902873066547,
        "unit_price_unit": "g",
        "notes": ""
      },
      {
        "name": "all-purpose flour",
        "quantity_g": 30.0,
        "kcal_per_100g": 364.0,
        "kcal": 109.2,
        "price_per_g": 0.003668495035185806,
        "cost_usd": 0.11005485105557418,
        "quantity_display": "30.00 g",
        "unit_price": 0.003668495035185806,
        "unit_price_unit": "g",
        "notes": ""
      },
      {
        "name": "package corn tortillas",
        "quantity_g": 340.19,
        "kcal_per_100g": 218.00000000000003,
        "kcal": 741.6142000000001,
        "price_per_g": 0.0,
        "cost_usd": 0.0,
        "quantity_display": "340.19 g",
        "unit_price": 4.17,
        "unit_price_unit": "each",
        "notes": "cannot bridge each->g"
      },
      {
        "name": "head cabbage",
        "quantity_g": 0.0,
        "kcal_per_100g": 0.0,
        "kcal": 145.13,
        "price_per_g": 0.0,
        "cost_usd": 1.49,
        "quantity_display": "0.5 each",
        "unit_price": 2.98,
        "unit_price_unit": "each",
        "notes": ""
      }
    ]
  },
  {
    "recipe_id": "4d09509b407a",
    "title": "Fish Chowder",
    "url": "https://www.allrecipes.com/recipe/12732/fish-chowder/",
    "servings": 8,
    "total_kcal": 4349.174215962441,
    "per_serving_kcal": 543.6467769953051,
    "total_cost_usd": 35.54735305330307,
    "per_serving_cost_usd": 4.443419131662884,
    "breakdown": [
      {
        "name": "butter",
        "quantity_g": 30.0,
        "kcal_per_100g": 716.9718309859155,
        "kcal": 215.09154929577468,
        "price_per_g": 0.01754881038466287,
        "cost_usd": 0.526464311539886,
        "quantity_display": "30.00 g",
        "unit_price": 0.01754881038466287,
        "unit_price_unit": "g",
        "notes": ""
      },
      {
        "name": "onion",
        "quantity_g": 480.0,
        "kcal_per_100g": 44.0,
        "kcal": 211.2,
        "price_per_g": 0.024239845499920632,
        "cost_usd": 11.635125839961903,
        "quantity_display": "480.00 g",
        "unit_price": 0.024239845499920632,
        "unit_price_unit": "g",
        "notes": ""
      },
      {
        "name": "mushrooms",
        "quantity_g": 0.0,
        "kcal_per_100g": 0.0,
        "kcal": 13.44,
        "price_per_g": 0.0,
        "cost_usd": 0.0,
        "quantity_display": "4 each",
        "unit_price": 0.0,
        "unit_price_unit": "each",
        "notes": "price unit mismatch: api=g, needed=each"
      },
      {
        "name": "stalk celery",
        "quantity_g": 0.0,
        "kcal_per_100g": 0.0,
        "kcal": 6.45,
        "price_per_g": 0.0,
        "cost_usd": 1.86,
        "quantity_display": "1 each",
        "unit_price": 1.86,
        "unit_price_unit": "each",
        "notes": ""
      },
      {
        "name": "chicken stock",
        "quantity_g": 960.0,
        "kcal_per_100g": 36.00000000000001,
        "kcal": 345.6,
        "price_per_g": 0.0032848903860738287,
        "cost_usd": 3.1534947706308754,
        "quantity_display": "960.00 g",
        "unit_price": 0.0032848903860738287,
        "unit_price_unit": "g",
        "notes": ""
      },
      {
        "name": "potatoes",
        "quantity_g": 960.0,
        "kcal_per_100g": 93.0,
        "kcal": 892.8,
        "price_per_g": 0.012264495235976213,
        "cost_usd": 11.773915426537163,
        "quantity_display": "960.00 g",
        "unit_price": 0.012264495235976213,
        "unit_price_unit": "g",
        "notes": ""
      },
      {
        "name": "cod",
        "quantity_g": 907.18,
        "kcal_per_100g": 105.0,
        "kcal": 952.539,
        "price_per_g": 0.0,
        "cost_usd": 0.0,
        "quantity_display": "907.18 g",
        "unit_price": 0.0,
        "unit_price_unit": "g",
        "notes": ""
      },
      {
        "name": "clam juice",
        "quantity_g": 240.0,
        "kcal_per_100g": 2.0,
        "kcal": 4.8,
        "price_per_g": 0.0,
        "cost_usd": 0.0,
        "quantity_display": "240.00 g",
        "unit_price": 0.0,
        "unit_price_unit": "g",
        "notes": ""
      },
      {
        "name": "all-purpose flour",
        "quantity_g": 120.0,
        "kcal_per_100g": 364.0,
        "kcal": 436.8,
        "price_per_g": 0.003668495035185806,
        "cost_usd": 0.4402194042222967,
        "quantity_display": "120.00 g",
        "unit_price": 0.003668495035185806,
        "unit_price_unit": "g",
        "notes": ""
      },
      {
        "name": "old bay seasoning",
        "quantity_g": 0.62,
        "kcal_per_100g": 118.33333333333333,
        "kcal": 0.7336666666666667,
        "price_per_g": 0.0,
        "cost_usd": 0.0,
        "quantity_display": "0.62 g",
        "unit_price": 0.0,
        "unit_price_unit": "g",
        "notes": ""
      },
      {
        "name": "salt and black pepper",
        "quantity_g": 0.0,
        "kcal_per_100g": 250.8695652173913,
        "kcal": 0.0,
        "price_per_g": 0.0,
        "cost_usd": 0.0,
        "quantity_display": "0 g",
        "unit_price": 0.0,
        "unit_price_unit": "g",
        "notes": ""
      },
      {
        "name": "cans evaporated milk",
        "quantity_g": 0.0,
        "kcal_per_100g": 0.0,
        "kcal": 988.92,
        "price_per_g": 0.0,
        "cost_usd": 3.7312827386726397,
        "quantity_display": "2 each",
        "unit_price": 1.8656413693363199,
        "unit_price_unit": "each",
        "notes": "price unit mismatch: api=g, needed=each"
      },
      {
        "name": "cooked crumbled bacon",
        "quantity_g": 60.0,
        "kcal_per_100g": 468.00000000000006,
        "kcal": 280.8,
        "price_per_g": 0.04044750936230504,
        "cost_usd": 2.4268505617383025,
        "quantity_display": "60.00 g",
        "unit_price": 0.04044750936230504,
        "unit_price_unit": "g",
        "notes": ""
      }
    ]
  },
  {
    "recipe_id": "bab370040f78",
    "title": "Blackened Fish",
    "url": "https://www.allrecipes.com/recipe/38028/blackened-fish/",
    "servings": 6,
    "total_kcal": 3182.3711341867634,
    "per_serving_kcal": 530.3951890311272,
    "total_cost_usd": 30.994380556126124,
    "per_serving_cost_usd": 5.165730092687688,
    "breakdown": [
      {
        "name": "paprika",
        "quantity_g": 15.0,
        "kcal_per_100g": 282.1739130434783,
        "kcal": 42.32608695652174,
        "price_per_g": 0.11845093181036791,
        "cost_usd": 1.7767639771555186,
        "quantity_display": "15.00 g",
        "unit_price": 0.11845093181036791,
        "unit_price_unit": "g",
        "notes": ""
      },
      {
        "name": "dry mustard",
        "quantity_g": 10.0,
        "kcal_per_100g": 508.0,
        "kcal": 50.8,
        "price_per_g": 0.1584390083305408,
        "cost_usd": 1.584390083305408,
        "quantity_display": "10.00 g",
        "unit_price": 0.1584390083305408,
        "unit_price_unit": "g",
        "notes": ""
      },
      {
        "name": "cayenne pepper",
        "quantity_g": 5.0,
        "kcal_per_100g": 317.77777777777777,
        "kcal": 15.888888888888888,
        "price_per_g": 0.0,
        "cost_usd": 0.0,
        "quantity_display": "5.00 g",
        "unit_price": 0.0,
        "unit_price_unit": "g",
        "notes": ""
      },
      {
        "name": "cumin",
        "quantity_g": 5.0,
        "kcal_per_100g": 375.23809523809524,
        "kcal": 18.761904761904763,
        "price_per_g": 0.0583196646619282,
        "cost_usd": 0.29159832330964097,
        "quantity_display": "5.00 g",
        "unit_price": 0.0583196646619282,
        "unit_price_unit": "g",
        "notes": ""
      },
      {
        "name": "black pepper",
        "quantity_g": 5.0,
        "kcal_per_100g": 250.8695652173913,
        "kcal": 12.543478260869565,
        "price_per_g": 0.04185846899122266,
        "cost_usd": 0.20929234495611332,
        "quantity_display": "5.00 g",
        "unit_price": 0.04185846899122266,
        "unit_price_unit": "g",
        "notes": ""
      },
      {
        "name": "white pepper",
        "quantity_g": 5.0,
        "kcal_per_100g": 295.83333333333337,
        "kcal": 14.791666666666668,
        "price_per_g": 0.0881849768073511,
        "cost_usd": 0.4409248840367555,
        "quantity_display": "5.00 g",
        "unit_price": 0.0881849768073511,
        "unit_price_unit": "g",
        "notes": ""
      },
      {
        "name": "dried thyme",
        "quantity_g": 5.0,
        "kcal_per_100g": 275.7142857142857,
        "kcal": 13.785714285714285,
        "price_per_g": 0.0,
        "cost_usd": 0.0,
        "quantity_display": "5.00 g",
        "unit_price": 0.0,
        "unit_price_unit": "g",
        "notes": ""
      },
      {
        "name": "salt",
        "quantity_g": 5.0,
        "kcal_per_100g": 0.0,
        "kcal": 0.0,
        "price_per_g": 0.0010310858826705668,
        "cost_usd": 0.005155429413352834,
        "quantity_display": "5.00 g",
        "unit_price": 0.0010310858826705668,
        "unit_price_unit": "g",
        "notes": ""
      },
      {
        "name": "butter",
        "quantity_g": 240.0,
        "kcal_per_100g": 716.9718309859155,
        "kcal": 1720.7323943661975,
        "price_per_g": 0.01754881038466287,
        "cost_usd": 4.211714492319088,
        "quantity_display": "240.00 g",
        "unit_price": 0.01754881038466287,
        "unit_price_unit": "g",
        "notes": ""
      },
      {
        "name": "fillets trout",
        "quantity_g": 680.39,
        "kcal_per_100g": 190.0,
        "kcal": 1292.741,
        "price_per_g": 0.03303185088203861,
        "cost_usd": 22.474541021630248,
        "quantity_display": "680.39 g",
        "unit_price": 0.03303185088203861,
        "unit_price_unit": "g",
        "notes": ""
      }
    ]
  },
  {
    "recipe_id": "6870717fd7a2",
    "title": "Indian Fish Curry",
    "url": "https://www.allrecipes.com/recipe/213238/indian-fish-curry/",
    "servings": 4,
    "total_kcal": 1430.2006623878535,
    "per_serving_kcal": 357.5501655969634,
    "total_cost_usd": 45.348438788345845,
    "per_serving_cost_usd": 11.337109697086461,
    "breakdown": [
      {
        "name": "canola oil",
        "quantity_g": 40.88,
        "kcal_per_100g": 884.0,
        "kcal": 361.3792,
        "price_per_g": 0.00405768678039461,
        "cost_usd": 0.16587823558253165,
        "quantity_display": "40.88 g",
        "unit_price": 0.00405768678039461,
        "unit_price_unit": "g",
        "notes": ""
      },
      {
        "name": "dijon mustard",
        "quantity_g": 10.0,
        "kcal_per_100g": 57.77777777777777,
        "kcal": 5.777777777777777,
        "price_per_g": 0.017107885500626113,
        "cost_usd": 0.17107885500626113,
        "quantity_display": "10.00 g",
        "unit_price": 0.017107885500626113,
        "unit_price_unit": "g",
        "notes": ""
      },
      {
        "name": "black pepper",
        "quantity_g": 5.0,
        "kcal_per_100g": 250.8695652173913,
        "kcal": 12.543478260869565,
        "price_per_g": 0.04185846899122266,
        "cost_usd": 0.20929234495611332,
        "quantity_display": "5.00 g",
        "unit_price": 0.04185846899122266,
        "unit_price_unit": "g",
        "notes": ""
      },
      {
        "name": "salt",
        "quantity_g": 7.5,
        "kcal_per_100g": 0.0,
        "kcal": 0.0,
        "price_per_g": 0.0010310858826705668,
        "cost_usd": 0.007733144120029251,
        "quantity_display": "7.50 g",
        "unit_price": 0.0010310858826705668,
        "unit_price_unit": "g",
        "notes": ""
      },
      {
        "name": "white fish fillets",
        "quantity_g": 0.0,
        "kcal_per_100g": 0.0,
        "kcal": 693.24,
        "price_per_g": 0.0,
        "cost_usd": 6.113335332192808,
        "quantity_display": "4 each",
        "unit_price": 1.528333833048202,
        "unit_price_unit": "each",
        "notes": "price unit mismatch: api=g, needed=each"
      },
      {
        "name": "onion",
        "quantity_g": 0.0,
        "kcal_per_100g": 0.0,
        "kcal": 41.36,
        "price_per_g": 0.0,
        "cost_usd": 2.2785454769925395,
        "quantity_display": "1 each",
        "unit_price": 2.2785454769925395,
        "unit_price_unit": "each",
        "notes": "price unit mismatch: api=g, needed=each"
      },
      {
        "name": "garlic",
        "quantity_g": 0.0,
        "kcal_per_100g": 0.0,
        "kcal": 0.0,
        "price_per_g": 0.03685679799896981,
        "cost_usd": 0.0,
        "quantity_display": "4 each",
        "unit_price": 0.03685679799896981,
        "unit_price_unit": "g",
        "notes": "cannot bridge g->each"
      },
      {
        "name": "ginger root",
        "quantity_g": 0.0,
        "kcal_per_100g": 0.0,
        "kcal": 1.6,
        "price_per_g": 0.0,
        "cost_usd": 0.15480569207962522,
        "quantity_display": "1 each",
        "unit_price": 0.15480569207962522,
        "unit_price_unit": "each",
        "notes": "price unit mismatch: api=g, needed=each"
      },
      {
        "name": "cashew halves",
        "quantity_g": 0.0,
        "kcal_per_100g": 0.0,
        "kcal": 45.099999999999994,
        "price_per_g": 0.0,
        "cost_usd": 0.13783176205793887,
        "quantity_display": "5 each",
        "unit_price": 0.027566352411587777,
        "unit_price_unit": "each",
        "notes": "price unit mismatch: api=g, needed=each"
      },
      {
        "name": "cayenne pepper",
        "quantity_g": 10.0,
        "kcal_per_100g": 317.77777777777777,
        "kcal": 31.777777777777775,
        "price_per_g": 0.0,
        "cost_usd": 0.0,
        "quantity_display": "10.00 g",
        "unit_price": 0.0,
        "unit_price_unit": "g",
        "notes": ""
      },
      {
        "name": "cumin",
        "quantity_g": 5.0,
        "kcal_per_100g": 375.23809523809524,
        "kcal": 18.761904761904763,
        "price_per_g": 0.0583196646619282,
        "cost_usd": 0.29159832330964097,
        "quantity_display": "5.00 g",
        "unit_price": 0.0583196646619282,
        "unit_price_unit": "g",
        "notes": ""
      },
      {
        "name": "coriander",
        "quantity_g": 5.0,
        "kcal_per_100g": 278.3333333333333,
        "kcal": 13.916666666666666,
        "price_per_g": 0.02860399974987534,
        "cost_usd": 0.1430199987493767,
        "quantity_display": "5.00 g",
        "unit_price": 0.02860399974987534,
        "unit_price_unit": "g",
        "notes": ""
      },
      {
        "name": "white sugar",
        "quantity_g": 4.17,
        "kcal_per_100g": 387.14285714285717,
        "kcal": 16.143857142857144,
        "price_per_g": 0.0037368383922115034,
        "cost_usd": 0.01558261609552197,
        "quantity_display": "4.17 g",
        "unit_price": 0.0037368383922115034,
        "unit_price_unit": "g",
        "notes": ""
      },
      {
        "name": "turmeric",
        "quantity_g": 2.5,
        "kcal_per_100g": 0.0,
        "kcal": 0.0,
        "price_per_g": 0.0,
        "cost_usd": 0.0,
        "quantity_display": "2.50 g",
        "unit_price": 0.0,
        "unit_price_unit": "g",
        "notes": ""
      },
      {
        "name": "tomato",
        "quantity_g": 120.0,
        "kcal_per_100g": 18.0,
        "kcal": 21.599999999999998,
        "price_per_g": 0.023236741388737013,
        "cost_usd": 2.7884089666484417,
        "quantity_display": "120.00 g",
        "unit_price": 0.023236741388737013,
        "unit_price_unit": "g",
        "notes": ""
      },
      {
        "name": "vegetable broth",
        "quantity_g": 60.0,
        "kcal_per_100g": 0.0,
        "kcal": 0.0,
        "price_per_g": 0.019753434804846648,
        "cost_usd": 1.1852060882907989,
        "quantity_display": "60.00 g",
        "unit_price": 0.019753434804846648,
        "unit_price_unit": "g",
        "notes": ""
      },
      {
        "name": "cilantro",
        "quantity_g": 60.0,
        "kcal_per_100g": 278.3333333333333,
        "kcal": 167.0,
        "price_per_g": 0.5281020325377369,
        "cost_usd": 31.686121952264216,
        "quantity_display": "60.00 g",
        "unit_price": 0.5281020325377369,
        "unit_price_unit": "g",
        "notes": ""
      }
    ]
  }
]